H [m],qc [MPa],fs [MPa],u2 [MPa],Incl. [°],v [m/s],Rf [],Uo [MPa],qt [MPa],ft [MPa],sigmaVo [MPa],sigma'Vo [MPa],qt-sigmaVo [MPa],Qt [],Fr [],Bq [],Rf(qc) [],Uh [MPa],Rfd [],soil [],L [m],D [m],UW [kN/m^3]
0.00,0.289,0.000,0.0005,0.8,0.000,0.000,0.000,0.289,0.000,0.000,0.000,0.289,28917.998,0.035,0.0017,0.000,0.000,0.000,7,0.00,0.00,17.50
0.02,1.590,0.000,0.0234,0.6,0.180,0.000,0.000,1.594,0.000,0.000,0.000,1.594,4306.957,0.006,0.0147,0.000,0.000,0.000,7,0.02,0.02,18.50
0.04,1.877,0.000,0.0278,0.6,0.180,0.000,0.000,1.881,0.000,0.001,0.001,1.880,2541.092,0.005,0.0148,0.000,0.000,0.000,7,0.04,0.04,18.50
0.06,2.033,0.000,0.0456,0.7,0.180,0.000,0.000,2.040,0.000,0.001,0.001,2.039,1836.834,0.005,0.0224,0.000,0.000,0.000,7,0.06,0.06,18.50
0.08,2.277,0.000,-0.0087,0.5,0.260,0.000,0.000,2.276,0.000,0.001,0.001,2.274,1536.505,0.004,-0.0038,0.000,0.000,0.000,7,0.08,0.08,18.50
0.10,2.817,0.000,-0.0265,0.8,0.340,0.000,0.000,2.813,0.000,0.002,0.002,2.811,1519.573,0.004,-0.0094,0.000,0.000,0.005,7,0.10,0.10,18.50
0.12,3.270,0.000,-0.0265,0.8,0.340,0.000,0.000,3.266,0.000,0.002,0.002,3.264,1463.646,0.003,-0.0081,0.000,0.000,0.004,7,0.12,0.12,19.00
0.14,3.018,0.001,-0.0381,0.9,0.270,0.000,0.000,3.012,0.001,0.003,0.003,3.010,1157.540,0.030,-0.0127,0.000,0.000,0.039,7,0.14,0.14,18.50
0.16,2.410,0.019,-0.0265,0.8,0.080,0.008,0.000,2.406,0.019,0.003,0.003,2.403,809.020,0.770,-0.0110,0.008,0.000,0.825,7,0.16,0.16,18.50
0.18,2.238,0.033,-0.0212,0.8,0.200,0.015,0.000,2.235,0.033,0.003,0.003,2.231,670.083,1.479,-0.0095,0.015,0.000,1.520,7,0.18,0.18,18.00
0.20,2.018,0.047,-0.0195,0.8,0.190,0.023,0.000,2.015,0.047,0.004,0.004,2.011,544.984,2.332,-0.0097,0.023,0.000,2.277,7,0.20,0.20,18.00
0.22,1.804,0.050,-0.0211,0.8,0.190,0.028,0.000,1.800,0.050,0.004,0.004,1.796,443.500,2.806,-0.0117,0.028,0.000,2.662,7,0.22,0.22,18.00
0.24,1.450,0.052,-0.0204,0.8,0.190,0.036,0.000,1.447,0.052,0.004,0.004,1.442,327.081,3.584,-0.0141,0.036,0.000,3.074,7,0.24,0.24,18.00
0.26,1.339,0.049,-0.0196,0.8,0.190,0.037,0.000,1.336,0.049,0.005,0.005,1.331,279.055,3.681,-0.0147,0.037,0.000,3.277,5,0.26,0.26,18.00
0.28,1.237,0.044,-0.0276,0.8,0.190,0.035,0.000,1.232,0.044,0.005,0.005,1.227,239.211,3.553,-0.0225,0.035,0.000,3.177,5,0.28,0.28,18.00
0.30,1.058,0.041,-0.0285,0.9,0.190,0.039,0.000,1.053,0.041,0.005,0.005,1.048,191.197,3.904,-0.0272,0.039,0.000,3.216,5,0.30,0.30,17.50
0.32,0.985,0.038,-0.0293,0.9,0.190,0.039,0.000,0.981,0.038,0.006,0.006,0.975,167.235,3.908,-0.0301,0.039,0.000,3.177,5,0.32,0.32,17.50
0.34,0.946,0.033,-0.0278,0.9,0.190,0.035,0.000,0.941,0.033,0.006,0.006,0.935,151.338,3.486,-0.0297,0.034,0.000,2.819,5,0.34,0.34,17.50
0.36,0.964,0.030,-0.0255,0.9,0.190,0.031,0.000,0.960,0.030,0.007,0.007,0.954,145.838,3.135,-0.0267,0.031,0.000,2.601,5,0.36,0.36,18.00
0.38,1.056,0.027,-0.0223,0.9,0.190,0.026,0.000,1.052,0.027,0.007,0.007,1.046,151.526,2.573,-0.0213,0.025,0.000,2.327,5,0.38,0.38,18.00
0.40,1.135,0.023,-0.0156,1.1,0.190,0.020,0.000,1.132,0.023,0.007,0.007,1.125,154.923,2.027,-0.0139,0.020,0.000,1.951,5,0.40,0.40,18.00
0.42,1.218,0.020,-0.0091,1.1,0.200,0.017,0.000,1.217,0.020,0.008,0.008,1.209,158.678,1.679,-0.0075,0.017,0.000,1.697,5,0.42,0.42,18.00
0.44,1.334,0.019,-0.0095,1.1,0.200,0.014,0.000,1.332,0.019,0.008,0.008,1.324,165.940,1.435,-0.0072,0.014,0.000,1.534,5,0.44,0.44,18.00
0.46,1.373,0.020,-0.0128,1.1,0.200,0.015,0.000,1.371,0.020,0.008,0.008,1.363,163.431,1.482,-0.0094,0.015,0.000,1.546,5,0.46,0.46,18.00
0.48,1.412,0.026,-0.0201,1.1,0.200,0.019,0.000,1.409,0.026,0.009,0.009,1.400,160.952,1.864,-0.0144,0.018,0.000,1.864,5,0.48,0.48,18.00
0.50,1.375,0.029,-0.0247,1.2,0.200,0.021,0.000,1.371,0.029,0.009,0.009,1.362,150.341,2.092,-0.0181,0.021,0.000,1.851,5,0.50,0.50,18.00
0.52,1.357,0.031,-0.0271,1.1,0.200,0.023,0.000,1.353,0.031,0.009,0.009,1.344,142.648,2.307,-0.0202,0.023,0.000,1.849,5,0.52,0.52,18.00
0.54,1.449,0.033,-0.0264,1.2,0.200,0.023,0.000,1.445,0.033,0.010,0.010,1.435,146.748,2.320,-0.0184,0.023,0.000,1.847,5,0.54,0.54,18.00
0.56,1.695,0.041,-0.0133,1.3,0.200,0.024,0.000,1.693,0.041,0.010,0.010,1.683,165.960,2.460,-0.0079,0.024,0.000,2.144,6,0.56,0.56,18.00
0.58,1.994,0.043,0.0005,1.3,0.200,0.022,0.000,1.994,0.043,0.011,0.011,1.984,188.912,2.163,0.0003,0.022,0.000,2.058,6,0.58,0.58,18.00
0.60,2.590,0.043,0.0138,1.3,0.200,0.016,0.000,2.592,0.043,0.011,0.011,2.581,237.684,1.654,0.0053,0.016,0.000,1.908,6,0.60,0.60,18.00
0.62,2.648,0.046,0.0180,1.3,0.200,0.017,0.000,2.651,0.046,0.011,0.011,2.640,235.264,1.743,0.0068,0.017,0.000,1.908,6,0.62,0.62,18.00
0.64,2.608,0.054,0.0110,1.3,0.200,0.021,0.000,2.609,0.054,0.012,0.012,2.598,224.325,2.090,0.0042,0.021,0.000,2.100,6,0.64,0.64,18.00
0.66,2.740,0.061,0.0338,1.3,0.200,0.022,0.000,2.745,0.061,0.012,0.012,2.733,228.909,2.243,0.0124,0.022,0.000,2.225,6,0.66,0.66,18.00
0.68,3.059,0.068,0.0425,1.3,0.220,0.022,0.000,3.066,0.068,0.012,0.012,3.053,248.236,2.230,0.0139,0.022,0.000,2.337,6,0.68,0.68,18.00
0.70,3.098,0.076,0.0403,1.3,0.240,0.024,0.000,3.104,0.076,0.013,0.013,3.091,244.185,2.452,0.0130,0.024,0.000,2.471,6,0.70,0.70,18.00
0.72,3.283,0.080,0.0525,1.3,0.250,0.024,0.000,3.291,0.080,0.013,0.013,3.278,251.773,2.450,0.0160,0.024,0.000,2.528,6,0.72,0.72,18.00
0.74,3.284,0.087,0.0260,1.4,0.180,0.026,0.000,3.289,0.087,0.013,0.013,3.275,244.789,2.644,0.0079,0.026,0.000,2.636,6,0.74,0.74,18.00
0.76,3.313,0.093,0.0252,1.4,0.180,0.028,0.000,3.317,0.093,0.014,0.014,3.303,240.392,2.800,0.0076,0.028,0.000,2.724,6,0.76,0.76,18.00
0.78,3.441,0.093,0.0100,1.4,0.180,0.027,0.000,3.443,0.093,0.014,0.014,3.429,243.184,2.718,0.0029,0.027,0.000,2.666,6,0.78,0.78,18.00
0.80,3.678,0.101,0.0134,1.4,0.230,0.027,0.000,3.680,0.101,0.014,0.014,3.665,253.477,2.747,0.0037,0.027,0.000,2.848,6,0.80,0.80,18.00
0.82,3.792,0.102,0.0121,1.4,0.230,0.027,0.000,3.794,0.102,0.015,0.015,3.779,255.015,2.712,0.0032,0.027,0.000,2.880,6,0.82,0.82,18.00
0.84,3.843,0.110,0.0114,1.4,0.230,0.029,0.000,3.845,0.110,0.015,0.015,3.830,252.309,2.882,0.0030,0.029,0.000,3.103,6,0.84,0.84,18.00
0.86,3.828,0.119,0.0102,1.4,0.230,0.031,0.000,3.829,0.119,0.016,0.016,3.814,245.405,3.110,0.0027,0.031,0.000,3.339,6,0.86,0.86,18.00
0.88,3.840,0.128,0.0071,1.4,0.230,0.033,0.000,3.841,0.128,0.016,0.016,3.825,240.568,3.341,0.0019,0.033,0.000,3.610,3,0.88,0.88,18.00
0.90,3.494,0.134,0.0167,1.4,0.230,0.038,0.000,3.497,0.134,0.016,0.016,3.481,214.066,3.856,0.0048,0.038,0.000,3.807,3,0.90,0.90,18.00
0.92,3.353,0.141,0.0417,1.4,0.230,0.042,0.000,3.360,0.141,0.017,0.017,3.343,201.158,4.232,0.0125,0.042,0.000,4.036,3,0.92,0.92,18.00
0.94,3.276,0.151,0.0684,1.4,0.230,0.046,0.000,3.287,0.151,0.017,0.017,3.270,192.560,4.609,0.0209,0.046,0.000,4.282,3,0.94,0.94,18.00
0.96,3.210,0.158,0.1338,1.4,0.230,0.049,0.000,3.232,0.158,0.017,0.017,3.214,185.486,4.909,0.0416,0.049,0.000,4.400,3,0.96,0.96,17.50
0.98,3.186,0.156,0.1611,1.5,0.230,0.049,0.000,3.212,0.156,0.018,0.018,3.194,180.650,4.900,0.0504,0.049,0.000,4.151,3,0.98,0.98,17.50
1.00,3.281,0.143,0.3899,1.4,0.230,0.043,0.000,3.343,0.143,0.018,0.018,3.325,184.332,4.312,0.1173,0.044,0.000,3.625,3,1.00,1.00,18.00
1.02,3.463,0.134,0.3879,1.5,0.230,0.038,0.000,3.525,0.134,0.018,0.018,3.506,190.552,3.833,0.1106,0.039,0.000,3.221,3,1.02,1.02,18.00
1.04,3.939,0.127,0.4107,1.5,0.230,0.032,0.000,4.004,0.127,0.019,0.019,3.986,212.449,3.197,0.1030,0.032,0.000,2.890,3,1.04,1.04,18.00
1.06,4.584,0.120,0.4831,1.5,0.220,0.026,0.000,4.661,0.120,0.019,0.019,4.642,242.781,2.592,0.1041,0.026,0.000,2.595,3,1.06,1.06,18.00
1.08,5.846,0.112,0.3812,1.5,0.230,0.019,0.000,5.907,0.112,0.019,0.019,5.888,302.083,1.907,0.0647,0.019,0.000,2.315,3,1.08,1.08,18.50
1.10,5.887,0.113,0.3802,1.5,0.230,0.019,0.000,5.948,0.113,0.020,0.020,5.928,298.473,1.905,0.0641,0.019,0.000,2.227,5,1.10,1.10,18.50
1.12,5.878,0.122,0.2300,1.5,0.230,0.021,0.000,5.915,0.122,0.020,0.020,5.894,291.373,2.068,0.0390,0.021,0.000,2.304,5,1.12,1.12,18.50
1.14,5.936,0.135,0.1246,1.6,0.230,0.023,0.000,5.956,0.135,0.021,0.021,5.935,288.263,2.273,0.0210,0.023,0.000,2.458,5,1.14,1.14,18.00
1.16,5.792,0.155,0.0447,1.5,0.230,0.027,0.000,5.799,0.155,0.021,0.021,5.778,275.785,2.679,0.0077,0.027,0.000,2.756,5,1.16,1.16,18.00
1.18,5.569,0.199,0.0547,1.6,0.230,0.036,0.000,5.578,0.199,0.021,0.021,5.557,260.757,3.587,0.0098,0.036,0.000,3.506,5,1.18,1.18,18.00
1.20,5.583,0.217,0.0475,1.6,0.230,0.039,0.000,5.591,0.217,0.022,0.022,5.569,257.006,3.898,0.0085,0.039,0.000,3.818,5,1.20,1.20,18.00
1.22,5.712,0.229,0.0214,1.6,0.230,0.040,0.000,5.716,0.229,0.022,0.022,5.693,258.443,4.031,0.0038,0.040,0.000,4.032,5,1.22,1.22,18.00
1.24,5.649,0.242,0.0357,1.6,0.230,0.043,0.000,5.654,0.242,0.022,0.022,5.632,251.542,4.295,0.0063,0.043,0.000,4.242,5,1.24,1.24,18.00
1.26,5.349,0.244,0.0479,1.6,0.230,0.046,0.000,5.357,0.244,0.023,0.023,5.334,234.458,4.576,0.0090,0.046,0.000,4.288,5,1.26,1.26,18.00
1.28,5.323,0.248,0.0624,1.6,0.230,0.047,0.000,5.332,0.248,0.023,0.023,5.309,229.743,4.673,0.0118,0.047,0.000,4.363,5,1.28,1.28,18.00
1.30,5.865,0.248,0.0892,1.6,0.230,0.042,0.000,5.880,0.248,0.023,0.023,5.856,249.523,4.231,0.0152,0.042,0.000,4.337,5,1.30,1.30,18.00
1.32,5.954,0.251,0.0610,1.7,0.230,0.042,0.000,5.963,0.251,0.024,0.024,5.940,249.250,4.222,0.0103,0.042,0.000,4.331,5,1.32,1.32,18.00
1.34,6.001,0.248,0.0742,1.7,0.200,0.041,0.000,6.013,0.248,0.024,0.024,5.989,247.581,4.144,0.0124,0.041,0.000,4.227,5,1.34,1.34,18.00
1.36,5.821,0.242,0.0685,1.7,0.190,0.041,0.000,5.832,0.242,0.025,0.025,5.808,236.571,4.158,0.0118,0.041,0.000,4.037,5,1.36,1.36,18.00
1.38,5.719,0.245,0.0738,1.7,0.190,0.043,0.000,5.731,0.245,0.025,0.025,5.706,229.068,4.288,0.0129,0.043,0.000,3.976,5,1.38,1.38,18.00
1.40,5.874,0.247,0.0992,1.7,0.180,0.042,0.000,5.890,0.247,0.025,0.025,5.865,232.089,4.203,0.0169,0.042,0.000,3.881,5,1.40,1.40,18.00
1.42,6.428,0.235,0.0964,1.8,0.150,0.036,0.000,6.443,0.235,0.026,0.026,6.418,250.398,3.654,0.0150,0.036,0.000,3.591,5,1.42,1.42,18.00
1.44,6.606,0.237,0.1645,1.8,0.130,0.036,0.000,6.632,0.237,0.026,0.026,6.606,254.187,3.586,0.0249,0.036,0.000,3.521,5,1.44,1.44,18.00
1.46,6.858,0.236,0.1335,1.8,0.080,0.034,0.000,6.879,0.236,0.026,0.026,6.853,260.080,3.447,0.0195,0.034,0.000,3.451,5,1.46,1.46,18.00
1.48,7.255,0.258,0.1136,1.8,0.070,0.035,0.000,7.273,0.258,0.027,0.027,7.246,271.294,3.555,0.0157,0.036,0.000,3.730,5,1.48,1.48,18.00
1.50,7.477,0.273,0.1137,1.8,0.090,0.036,0.000,7.495,0.273,0.027,0.027,7.468,275.878,3.650,0.0152,0.036,0.000,3.922,5,1.50,1.50,18.00
1.52,7.837,0.283,0.1483,1.9,0.080,0.036,0.000,7.860,0.283,0.027,0.027,7.833,285.559,3.608,0.0189,0.036,0.000,4.058,11,1.52,1.52,18.00
1.54,8.136,0.311,0.1936,1.9,0.190,0.038,0.000,8.167,0.311,0.028,0.028,8.139,292.892,3.822,0.0238,0.038,0.000,4.505,11,1.54,1.54,18.00
1.56,7.283,0.322,0.0991,2.0,0.210,0.044,0.000,7.299,0.322,0.028,0.028,7.271,258.284,4.433,0.0136,0.044,0.000,4.721,11,1.56,1.56,18.00
1.58,6.486,0.338,0.1064,2.0,0.220,0.052,0.000,6.503,0.338,0.029,0.029,6.475,226.700,5.222,0.0164,0.052,0.000,5.018,11,1.58,1.58,20.50
1.60,6.209,0.352,0.1174,2.0,0.200,0.056,0.000,6.228,0.352,0.029,0.029,6.199,213.984,5.670,0.0189,0.057,0.000,5.235,11,1.60,1.60,20.50
1.62,6.024,0.356,0.1600,2.0,0.190,0.059,0.000,6.050,0.356,0.029,0.029,6.020,204.915,5.907,0.0266,0.059,0.000,5.321,11,1.62,1.62,20.50
1.64,5.786,0.354,0.2636,2.0,0.160,0.061,0.000,5.828,0.354,0.030,0.030,5.799,194.649,6.107,0.0455,0.061,0.000,5.385,11,1.64,1.64,20.50
1.66,5.742,0.337,0.5251,1.9,0.120,0.058,0.000,5.826,0.337,0.030,0.030,5.796,191.918,5.814,0.0906,0.059,0.000,5.233,11,1.66,1.66,20.50
1.68,5.878,0.302,0.8401,2.0,0.090,0.050,0.000,6.012,0.302,0.031,0.031,5.982,195.417,5.047,0.1404,0.051,0.000,4.731,11,1.68,1.68,20.50
1.70,6.997,0.196,1.2701,2.0,0.000,0.027,0.000,7.201,0.196,0.031,0.031,7.170,231.503,2.739,0.1771,0.028,0.000,3.071,11,1.70,1.70,18.00
1.72,7.138,0.225,0.7381,2.1,0.160,0.031,0.000,7.256,0.225,0.031,0.031,7.225,230.615,3.109,0.1022,0.031,0.000,3.507,5,1.72,1.72,18.00
1.74,6.657,0.232,0.6782,2.1,0.160,0.034,0.000,6.766,0.232,0.032,0.032,6.734,212.493,3.444,0.1007,0.035,0.000,3.614,5,1.74,1.74,18.00
1.76,6.634,0.271,0.5953,2.0,0.330,0.040,0.000,6.729,0.271,0.032,0.032,6.697,208.967,4.043,0.0889,0.041,0.000,4.191,5,1.76,1.76,18.00
1.78,6.645,0.271,0.5953,2.1,0.390,0.040,0.000,6.740,0.271,0.032,0.032,6.708,206.962,4.037,0.0887,0.041,0.000,4.143,5,1.78,1.78,18.00
1.80,6.645,0.287,0.6870,2.1,0.390,0.043,0.000,6.755,0.287,0.033,0.033,6.722,205.125,4.277,0.1022,0.043,0.000,4.370,5,1.80,1.80,18.00
1.82,6.299,0.276,0.7975,2.1,0.290,0.043,0.000,6.427,0.276,0.033,0.033,6.394,192.987,4.325,0.1247,0.044,0.000,4.244,5,1.82,1.82,18.00
1.84,6.155,0.259,0.8240,2.1,0.300,0.041,0.000,6.287,0.259,0.033,0.033,6.253,186.714,4.140,0.1318,0.042,0.000,4.021,5,1.84,1.84,18.00
1.86,6.289,0.259,0.8240,2.2,0.300,0.040,0.000,6.420,0.259,0.034,0.034,6.387,188.673,4.054,0.1290,0.041,0.000,4.032,5,1.86,1.86,18.00
1.88,6.567,0.245,1.0167,2.2,0.300,0.036,0.000,6.730,0.245,0.034,0.034,6.696,195.722,3.656,0.1518,0.037,0.000,3.812,5,1.88,1.88,18.00
1.90,6.343,0.259,0.3848,2.2,0.290,0.040,0.000,6.405,0.259,0.035,0.035,6.370,184.272,4.066,0.0604,0.041,0.000,4.025,5,1.90,1.90,18.00
1.92,6.292,0.263,0.6597,2.2,0.290,0.041,0.000,6.398,0.263,0.035,0.035,6.363,182.159,4.140,0.1037,0.042,0.000,4.081,5,1.92,1.92,18.00
1.94,6.292,0.264,0.9377,2.2,0.290,0.041,0.000,6.442,0.264,0.035,0.035,6.407,181.551,4.116,0.1464,0.042,0.000,4.045,5,1.94,1.94,18.00
1.96,6.467,0.268,1.0049,2.1,0.290,0.040,0.000,6.627,0.268,0.036,0.036,6.592,184.904,4.061,0.1524,0.041,0.000,4.056,5,1.96,1.96,18.00
1.98,6.652,0.281,1.1196,2.2,0.270,0.041,0.000,6.831,0.281,0.036,0.036,6.795,188.695,4.135,0.1648,0.042,0.000,4.233,5,1.98,1.98,18.00
2.00,6.784,0.294,0.6097,2.2,0.270,0.043,0.000,6.882,0.294,0.036,0.036,6.845,188.209,4.288,0.0891,0.043,0.000,4.430,5,2.00,2.00,18.00
2.02,6.860,0.288,0.6344,2.3,0.270,0.041,0.000,6.961,0.288,0.037,0.037,6.925,188.529,4.156,0.0916,0.042,0.000,4.364,5,2.02,2.02,18.00
2.04,7.018,0.281,0.8265,2.3,0.260,0.039,0.000,7.151,0.281,0.037,0.037,7.114,191.794,3.945,0.1162,0.040,0.000,4.264,5,2.04,2.04,18.00
2.06,7.043,0.281,0.8265,2.3,0.260,0.039,0.000,7.175,0.281,0.037,0.037,7.138,190.600,3.931,0.1158,0.040,0.000,4.264,5,2.06,2.06,18.00
2.08,6.694,0.297,0.7232,2.3,0.270,0.044,0.000,6.810,0.297,0.038,0.038,6.772,179.106,4.384,0.1068,0.044,0.000,4.515,5,2.08,2.08,18.00
2.10,6.428,0.300,0.6823,2.3,0.260,0.046,0.000,6.537,0.300,0.038,0.038,6.499,170.262,4.619,0.1050,0.047,0.000,4.436,5,2.10,2.10,18.00
2.12,6.014,0.304,0.7268,2.3,0.270,0.050,0.000,6.130,0.304,0.039,0.039,6.091,157.888,4.984,0.1193,0.050,0.000,3.903,5,2.12,2.12,20.50
2.14,6.139,0.296,0.9554,2.2,0.270,0.047,0.000,6.292,0.296,0.039,0.039,6.253,160.573,4.728,0.1528,0.048,0.000,3.280,5,2.14,2.14,18.00
2.16,6.294,0.273,1.1841,2.2,0.260,0.042,0.000,6.483,0.273,0.039,0.039,6.444,163.971,4.236,0.1838,0.043,0.000,2.636,5,2.16,2.16,18.00
2.18,6.412,0.258,1.3465,2.2,0.260,0.039,0.000,6.628,0.258,0.040,0.040,6.588,166.109,3.919,0.2044,0.040,0.000,2.211,5,2.18,2.18,18.00
2.20,8.755,0.231,1.4783,2.2,0.250,0.026,0.000,8.992,0.231,0.040,0.040,8.952,223.678,2.581,0.1651,0.026,0.000,1.808,5,2.20,2.20,18.00
2.22,17.907,0.144,0.8476,2.2,0.010,0.008,0.000,18.042,0.144,0.040,0.040,18.002,445.484,0.799,0.0471,0.008,0.000,1.056,5,2.22,2.22,19.50
2.24,20.438,0.201,0.2114,2.2,0.020,0.010,0.000,20.472,0.201,0.041,0.041,20.432,500.772,0.982,0.0103,0.010,0.000,1.398,11,2.24,2.24,19.50
2.26,21.800,0.244,0.0887,2.3,0.050,0.011,0.000,21.814,0.244,0.041,0.041,21.773,528.589,1.119,0.0041,0.011,0.000,1.619,11,2.26,2.26,19.50
2.28,21.606,0.299,0.1424,2.3,0.260,0.014,0.000,21.628,0.299,0.042,0.042,21.587,519.288,1.383,0.0066,0.014,0.000,1.898,11,2.28,2.28,19.00
2.30,18.774,0.396,0.0347,2.3,0.340,0.021,0.000,18.780,0.396,0.042,0.042,18.738,446.776,2.113,0.0019,0.021,0.000,2.402,11,2.30,2.30,18.50
2.32,15.745,0.396,0.0347,2.3,0.350,0.025,0.000,15.751,0.396,0.042,0.042,15.709,371.275,2.521,0.0022,0.025,0.000,2.305,11,2.32,2.32,18.50
2.34,13.975,0.556,0.0444,2.3,0.360,0.040,0.000,13.982,0.556,0.043,0.043,13.940,326.303,3.991,0.0032,0.040,0.000,3.256,11,2.34,2.34,20.50
2.36,13.891,0.681,0.2082,2.4,0.180,0.049,0.000,13.924,0.681,0.043,0.043,13.881,321.838,4.909,0.0150,0.049,0.000,4.068,11,2.36,2.36,20.50
2.38,13.767,0.727,0.4559,2.5,0.150,0.053,0.000,13.840,0.727,0.044,0.044,13.797,316.874,5.269,0.0330,0.053,0.000,4.515,11,2.38,2.38,20.50
2.40,14.684,0.741,0.6137,2.5,0.090,0.050,0.000,14.782,0.741,0.044,0.044,14.738,335.343,5.030,0.0416,0.050,0.000,4.844,11,2.40,2.40,20.50
2.42,16.408,0.693,0.5120,2.4,0.050,0.042,0.000,16.490,0.693,0.044,0.044,16.446,370.736,4.217,0.0311,0.042,0.000,4.724,11,2.42,2.42,20.50
2.44,16.884,0.643,0.2944,2.5,0.090,0.038,0.000,16.931,0.643,0.045,0.045,16.887,377.440,3.811,0.0174,0.038,0.000,4.508,11,2.44,2.44,19.00
2.46,16.736,0.634,0.2290,2.5,0.110,0.038,0.000,16.773,0.634,0.045,0.045,16.728,370.738,3.790,0.0137,0.038,0.000,4.543,11,2.46,2.46,19.00
2.48,14.617,0.652,0.1528,2.5,0.140,0.045,0.000,14.642,0.652,0.046,0.046,14.596,320.580,4.466,0.0105,0.045,0.000,4.785,11,2.48,2.48,20.50
2.50,12.858,0.665,0.1112,2.5,0.160,0.052,0.000,12.875,0.665,0.046,0.046,12.829,279.265,5.180,0.0087,0.052,0.000,4.997,11,2.50,2.50,20.50
2.52,11.930,0.721,0.1860,2.5,0.190,0.060,0.000,11.960,0.721,0.046,0.046,11.914,257.038,6.050,0.0156,0.060,0.000,5.606,11,2.52,2.52,20.50
2.54,11.260,0.732,0.3200,2.6,0.190,0.065,0.000,11.311,0.732,0.047,0.047,11.265,240.905,6.502,0.0284,0.065,0.000,6.008,11,2.54,2.54,20.50
2.56,10.470,0.749,0.3813,2.6,0.190,0.071,0.000,10.532,0.749,0.047,0.047,10.484,222.267,7.141,0.0364,0.072,0.000,6.534,11,2.56,2.56,20.50
2.58,10.245,0.761,0.3487,2.6,0.210,0.074,0.000,10.301,0.761,0.048,0.048,10.253,215.490,7.418,0.0340,0.074,0.000,7.133,11,2.58,2.58,20.50
2.60,10.217,0.719,0.2391,2.6,0.220,0.070,0.000,10.255,0.719,0.048,0.048,10.207,212.687,7.041,0.0234,0.070,0.000,7.190,11,2.60,2.60,20.50
2.62,9.800,0.683,0.2615,2.6,0.290,0.069,0.000,9.842,0.683,0.048,0.048,9.794,202.354,6.969,0.0267,0.070,0.000,7.169,11,2.62,2.62,20.50
2.64,9.080,0.683,0.2615,2.6,0.320,0.075,0.000,9.121,0.683,0.049,0.049,9.073,185.874,7.523,0.0288,0.075,0.000,7.492,11,2.64,2.64,20.50
2.66,8.824,0.617,0.2223,2.7,0.320,0.070,0.000,8.859,0.617,0.049,0.049,8.810,178.995,7.006,0.0252,0.070,0.000,7.047,11,2.66,2.66,20.50
2.68,7.988,0.596,0.2834,2.6,0.240,0.074,0.000,8.034,0.596,0.050,0.050,7.984,160.869,7.468,0.0355,0.075,0.000,7.056,11,2.68,2.68,20.50
2.70,7.285,0.554,0.2465,2.6,0.270,0.076,0.000,7.324,0.554,0.050,0.050,7.274,145.366,7.620,0.0339,0.076,0.000,6.826,11,2.70,2.70,20.50
2.72,7.625,0.516,0.4054,2.6,0.250,0.067,0.000,7.690,0.516,0.050,0.050,7.639,151.425,6.752,0.0531,0.068,0.000,6.619,11,2.72,2.72,20.50
2.74,7.406,0.479,0.3472,2.6,0.310,0.064,0.000,7.462,0.479,0.051,0.051,7.411,145.715,6.469,0.0468,0.065,0.000,6.404,11,2.74,2.74,20.50
2.76,7.406,0.436,0.1790,2.6,0.320,0.059,0.000,7.435,0.436,0.051,0.051,7.384,144.017,5.909,0.0242,0.059,0.000,6.032,11,2.76,2.76,20.50
2.78,7.075,0.405,0.2275,2.6,0.380,0.057,0.000,7.111,0.405,0.052,0.052,7.060,136.602,5.743,0.0322,0.057,0.000,5.825,11,2.78,2.78,20.50
2.80,6.617,0.405,0.2275,2.6,0.350,0.061,0.000,6.653,0.405,0.052,0.052,6.601,126.721,6.142,0.0345,0.061,0.000,5.957,11,2.80,2.80,20.50
2.82,6.617,0.378,0.1970,2.6,0.320,0.057,0.000,6.648,0.378,0.053,0.053,6.596,125.631,5.737,0.0299,0.057,0.000,5.963,11,2.82,2.82,20.50
2.84,6.423,0.374,0.2595,2.6,0.180,0.058,0.000,6.464,0.374,0.053,0.053,6.411,121.172,5.827,0.0405,0.058,0.000,6.007,11,2.84,2.84,20.50
2.86,6.305,0.355,0.2060,2.7,0.110,0.056,0.000,6.337,0.355,0.053,0.053,6.284,117.857,5.649,0.0328,0.056,0.000,5.846,11,2.86,2.86,20.50
2.88,5.804,0.356,0.2749,2.8,0.060,0.061,0.000,5.848,0.356,0.054,0.054,5.794,107.836,6.143,0.0474,0.061,0.000,6.024,11,2.88,2.88,20.50
2.90,6.298,0.369,0.3141,2.8,0.130,0.058,0.000,6.348,0.369,0.054,0.054,6.294,116.247,5.858,0.0499,0.059,0.000,6.380,11,2.90,2.90,20.50
2.92,2.226,0.088,0.4059,2.8,0.000,0.038,0.000,2.291,0.088,0.055,0.055,2.236,41.032,3.931,0.1815,0.039,0.000,1.544,11,2.92,2.92,18.00
2.94,6.243,0.377,0.4681,2.8,0.250,0.060,0.000,6.318,0.377,0.055,0.055,6.263,114.055,6.018,0.0747,0.060,0.000,6.742,11,2.94,2.94,20.50
2.96,5.788,0.332,0.3494,2.8,0.270,0.057,0.000,5.844,0.332,0.055,0.055,5.788,104.636,5.730,0.0604,0.057,0.000,6.059,11,2.96,2.96,20.50
2.98,5.590,0.321,0.4148,2.9,0.180,0.057,0.000,5.657,0.321,0.056,0.056,5.601,100.505,5.735,0.0741,0.057,0.000,5.994,11,2.98,2.98,20.50
3.00,5.657,0.344,0.3670,2.9,0.460,0.060,0.000,5.716,0.344,0.056,0.056,5.660,100.821,6.076,0.0648,0.061,0.000,6.511,11,3.00,3.00,20.50
3.02,5.657,0.357,0.2958,2.9,0.530,0.063,0.000,5.705,0.357,0.057,0.057,5.648,99.881,6.328,0.0524,0.063,0.000,6.904,3,3.02,3.02,20.50
3.04,5.502,0.357,0.2958,2.9,0.350,0.064,0.000,5.550,0.357,0.057,0.057,5.493,96.533,6.507,0.0539,0.065,0.000,6.566,3,3.04,3.04,17.50
3.06,5.150,0.307,0.4786,2.9,0.000,0.059,0.000,5.226,0.307,0.057,0.057,5.169,90.289,5.933,0.0926,0.060,0.000,5.750,3,3.06,3.06,17.50
3.08,5.026,0.314,0.5105,2.9,0.180,0.061,0.000,5.108,0.314,0.058,0.058,5.050,87.680,6.219,0.1011,0.062,0.000,5.975,3,3.08,3.08,17.50
3.10,4.961,0.301,0.4349,2.9,0.200,0.060,0.000,5.031,0.301,0.058,0.058,4.973,85.811,6.063,0.0875,0.061,0.000,5.806,3,3.10,3.10,17.50
3.12,5.143,0.304,0.3843,3.0,0.240,0.058,0.000,5.204,0.304,0.058,0.058,5.146,88.266,5.900,0.0747,0.059,0.000,5.938,3,3.12,3.12,17.50
3.14,5.155,0.300,0.4037,3.0,0.280,0.058,0.000,5.220,0.300,0.059,0.059,5.161,87.996,5.817,0.0782,0.058,0.000,5.973,3,3.14,3.14,17.50
3.16,5.042,0.294,0.2774,3.1,0.300,0.058,0.000,5.087,0.294,0.059,0.059,5.028,85.213,5.850,0.0552,0.058,0.000,5.950,3,3.16,3.16,17.50
3.18,4.938,0.272,0.2512,3.1,0.250,0.055,0.000,4.978,0.272,0.059,0.059,4.919,82.882,5.536,0.0511,0.055,0.000,5.566,3,3.18,3.18,17.50
3.20,4.892,0.274,0.3102,3.1,0.260,0.055,0.000,4.942,0.274,0.060,0.060,4.882,81.779,5.610,0.0635,0.056,0.000,5.638,3,3.20,3.20,17.50
3.22,4.771,0.263,0.3041,3.1,0.270,0.055,0.000,4.819,0.263,0.060,0.060,4.759,79.256,5.534,0.0639,0.055,0.000,5.471,3,3.22,3.22,17.50
3.24,4.702,0.262,0.1970,3.1,0.250,0.055,0.000,4.733,0.262,0.060,0.060,4.673,77.368,5.600,0.0422,0.056,0.000,5.526,3,3.24,3.24,17.50
3.26,4.591,0.262,0.2948,3.1,0.280,0.057,0.000,4.638,0.262,0.061,0.061,4.577,75.347,5.728,0.0644,0.057,0.000,5.644,3,3.26,3.26,17.50
3.28,4.591,0.269,0.2892,3.1,0.310,0.058,0.000,4.637,0.269,0.061,0.061,4.576,74.895,5.889,0.0632,0.059,0.000,5.912,3,3.28,3.28,17.50
3.30,4.653,0.278,0.2814,3.1,0.300,0.059,0.000,4.698,0.278,0.061,0.061,4.636,75.446,5.990,0.0607,0.060,0.000,6.192,3,3.30,3.30,17.50
3.32,4.483,0.278,0.2814,3.2,0.340,0.061,0.000,4.528,0.278,0.062,0.062,4.467,72.274,6.217,0.0630,0.062,0.000,6.283,3,3.32,3.32,17.50
3.34,4.272,0.263,0.3625,3.2,0.240,0.061,0.000,4.330,0.263,0.062,0.062,4.268,68.667,6.172,0.0849,0.062,0.000,6.059,3,3.34,3.34,17.50
3.36,4.164,0.263,0.3625,3.2,0.260,0.062,0.000,4.222,0.263,0.063,0.063,4.160,66.555,6.332,0.0871,0.063,0.000,6.172,3,3.36,3.36,17.50
3.38,4.088,0.245,0.3951,3.2,0.170,0.059,0.000,4.152,0.245,0.063,0.063,4.089,65.056,5.990,0.0966,0.060,0.000,5.846,3,3.38,3.38,17.50
3.40,4.125,0.232,0.4003,3.2,0.250,0.055,0.000,4.189,0.232,0.063,0.063,4.126,65.289,5.618,0.0970,0.056,0.000,5.618,3,3.40,3.40,17.50
3.42,4.178,0.231,0.2753,3.2,0.270,0.055,0.000,4.222,0.231,0.064,0.064,4.159,65.441,5.557,0.0662,0.055,0.000,5.695,3,3.42,3.42,17.50
3.44,3.972,0.243,0.3001,3.2,0.290,0.060,0.000,4.020,0.243,0.064,0.064,3.956,61.913,6.147,0.0759,0.061,0.000,6.084,3,3.44,3.44,17.50
3.46,3.828,0.243,0.3001,3.2,0.310,0.063,0.000,3.876,0.243,0.064,0.064,3.811,59.319,6.381,0.0787,0.064,0.000,6.125,3,3.46,3.46,17.50
3.48,3.724,0.243,0.3298,3.3,0.300,0.064,0.000,3.776,0.243,0.065,0.065,3.712,57.456,6.558,0.0889,0.065,0.000,6.145,3,3.48,3.48,17.50
3.50,3.900,0.246,0.3033,3.3,0.320,0.062,0.000,3.948,0.246,0.065,0.065,3.883,59.790,6.337,0.0781,0.063,0.000,6.216,3,3.50,3.50,17.50
3.52,3.900,0.236,0.2887,3.3,0.290,0.060,0.000,3.946,0.236,0.065,0.065,3.881,59.429,6.084,0.0744,0.061,0.000,5.979,3,3.52,3.52,17.50
3.54,3.817,0.234,0.3329,3.3,0.260,0.060,0.000,3.870,0.234,0.066,0.066,3.805,57.951,6.151,0.0875,0.061,0.000,5.968,3,3.54,3.54,17.50
3.56,3.983,0.221,0.3353,3.3,0.190,0.055,0.000,4.036,0.221,0.066,0.066,3.970,60.155,5.564,0.0845,0.055,0.000,5.648,3,3.56,3.56,17.50
3.58,4.058,0.229,0.3850,3.3,0.200,0.056,0.000,4.120,0.229,0.066,0.066,4.054,61.095,5.659,0.0950,0.057,0.000,5.867,3,3.58,3.58,17.50
3.60,4.065,0.237,0.3216,3.3,0.200,0.058,0.000,4.117,0.237,0.067,0.067,4.050,60.723,5.854,0.0794,0.058,0.000,6.052,3,3.60,3.60,17.50
3.62,4.011,0.247,0.3361,3.3,0.210,0.061,0.000,4.065,0.247,0.067,0.067,3.998,59.620,6.169,0.0841,0.061,0.000,6.290,3,3.62,3.62,17.50
3.64,3.870,0.253,0.3256,3.3,0.230,0.064,0.000,3.922,0.253,0.067,0.067,3.854,57.188,6.556,0.0845,0.065,0.000,6.441,3,3.64,3.64,17.50
3.66,3.866,0.256,0.2622,3.3,0.240,0.066,0.000,3.908,0.256,0.068,0.068,3.841,56.686,6.668,0.0683,0.066,0.000,6.538,3,3.66,3.66,17.50
3.68,3.815,0.262,0.2277,3.3,0.250,0.068,0.000,3.852,0.262,0.068,0.068,3.783,55.557,6.914,0.0602,0.069,0.000,6.711,3,3.68,3.68,17.50
3.70,3.812,0.272,0.1774,3.3,0.270,0.071,0.000,3.840,0.272,0.068,0.068,3.772,55.099,7.201,0.0470,0.071,0.000,7.045,3,3.70,3.70,17.50
3.72,3.928,0.270,0.2222,3.4,0.290,0.068,0.000,3.964,0.270,0.069,0.069,3.895,56.610,6.927,0.0571,0.069,0.000,7.078,3,3.72,3.72,17.50
3.74,3.928,0.260,0.2372,3.4,0.300,0.066,0.000,3.966,0.260,0.069,0.069,3.897,56.353,6.677,0.0609,0.066,0.000,6.886,3,3.74,3.74,17.50
3.76,3.753,0.239,0.2663,3.4,0.320,0.063,0.000,3.796,0.239,0.070,0.070,3.727,53.619,6.414,0.0715,0.064,0.000,6.344,3,3.76,3.76,17.50
3.78,3.769,0.239,0.2663,3.4,0.330,0.063,0.000,3.812,0.239,0.070,0.070,3.742,53.573,6.387,0.0712,0.063,0.000,6.376,3,3.78,3.78,17.50
3.80,3.588,0.230,0.1205,3.4,0.340,0.064,0.000,3.607,0.230,0.070,0.070,3.537,50.381,6.506,0.0341,0.064,0.000,6.162,3,3.80,3.80,17.50
3.82,3.588,0.225,0.0691,3.4,0.340,0.063,0.000,3.599,0.225,0.071,0.071,3.528,50.010,6.383,0.0196,0.063,0.000,6.047,3,3.82,3.82,17.50
3.84,3.649,0.216,0.1002,3.4,0.340,0.059,0.000,3.665,0.216,0.071,0.071,3.595,50.699,6.015,0.0279,0.059,0.000,5.820,3,3.84,3.84,17.50
3.86,3.743,0.216,0.1002,3.4,0.330,0.058,0.000,3.759,0.216,0.071,0.071,3.688,51.757,5.863,0.0272,0.058,0.000,5.835,3,3.86,3.86,17.50
3.88,3.660,0.224,0.1215,3.4,0.340,0.061,0.000,3.679,0.224,0.072,0.072,3.608,50.389,6.220,0.0337,0.061,0.000,6.054,3,3.88,3.88,17.50
3.90,3.660,0.245,0.1753,3.4,0.340,0.066,0.000,3.688,0.245,0.072,0.072,3.616,50.258,6.775,0.0485,0.067,0.000,6.626,3,3.90,3.90,17.50
3.92,3.699,0.248,0.1484,3.4,0.320,0.067,0.000,3.723,0.248,0.072,0.072,3.650,50.487,6.789,0.0407,0.067,0.000,6.704,3,3.92,3.92,17.50
3.94,3.828,0.252,0.1232,3.4,0.310,0.065,0.000,3.847,0.252,0.073,0.073,3.775,51.955,6.663,0.0326,0.066,0.000,6.814,3,3.94,3.94,17.50
3.96,3.820,0.252,0.1232,3.4,0.300,0.065,0.000,3.840,0.252,0.073,0.073,3.767,51.604,6.676,0.0327,0.066,0.000,6.840,3,3.96,3.96,17.50
3.98,3.769,0.258,0.1282,3.4,0.280,0.068,0.000,3.790,0.258,0.073,0.073,3.716,50.668,6.939,0.0345,0.068,0.000,7.077,3,3.98,3.98,17.50
4.00,3.671,0.262,0.0646,3.4,0.260,0.071,0.000,3.681,0.262,0.074,0.074,3.607,48.945,7.277,0.0179,0.072,0.000,7.272,3,4.00,4.00,17.50
4.02,3.570,0.275,0.0298,3.5,0.250,0.077,0.000,3.575,0.275,0.074,0.074,3.501,47.276,7.864,0.0085,0.077,0.000,7.657,3,4.02,4.02,17.50
4.04,3.530,0.277,0.0217,3.5,0.240,0.079,0.000,3.533,0.277,0.074,0.074,3.459,46.486,8.021,0.0063,0.079,0.000,7.754,3,4.04,4.04,17.50
4.06,3.494,0.285,0.0342,3.5,0.240,0.081,0.000,3.500,0.285,0.075,0.075,3.425,45.820,8.324,0.0100,0.082,0.000,8.042,3,4.06,4.06,17.50
4.08,3.388,0.276,0.0097,3.5,0.240,0.082,0.000,3.390,0.276,0.075,0.075,3.315,44.141,8.341,0.0029,0.082,0.000,7.885,3,4.08,4.08,17.50
4.10,3.276,0.259,0.0394,3.6,0.180,0.079,0.000,3.282,0.259,0.075,0.075,3.207,42.499,8.074,0.0123,0.079,0.000,7.477,3,4.10,4.10,17.50
4.12,3.505,0.248,0.0229,3.6,0.160,0.071,0.000,3.509,0.248,0.076,0.076,3.433,45.287,7.224,0.0067,0.071,0.000,7.233,3,4.12,4.12,17.50
4.14,3.503,0.233,0.0233,3.6,0.140,0.066,0.000,3.507,0.233,0.076,0.076,3.431,45.052,6.795,0.0068,0.067,0.000,6.849,3,4.14,4.14,17.50
4.16,3.470,0.223,0.0792,3.6,0.000,0.064,0.000,3.482,0.223,0.076,0.076,3.406,44.520,6.557,0.0233,0.064,0.000,6.619,3,4.16,4.16,17.50
4.18,3.399,0.224,0.0253,3.6,0.100,0.066,0.000,3.403,0.224,0.077,0.077,3.326,43.283,6.731,0.0076,0.066,0.000,6.720,3,4.18,4.18,17.50
4.20,3.283,0.230,0.0243,3.6,0.120,0.070,0.000,3.287,0.230,0.077,0.077,3.209,41.572,7.173,0.0076,0.070,0.000,7.023,3,4.20,4.20,17.50
4.22,3.299,0.227,0.0162,3.6,0.150,0.069,0.000,3.301,0.227,0.078,0.078,3.224,41.569,7.042,0.0050,0.069,0.000,7.075,3,4.22,4.22,17.50
4.24,3.292,0.237,0.0026,3.6,0.170,0.072,0.000,3.292,0.237,0.078,0.078,3.214,41.258,7.371,0.0008,0.072,0.000,7.654,3,4.24,4.24,17.50
4.26,3.200,0.240,-0.0110,3.6,0.180,0.075,0.000,3.198,0.240,0.078,0.078,3.120,39.871,7.686,-0.0035,0.075,0.000,8.036,3,4.26,4.26,17.50
4.28,3.038,0.245,-0.0185,3.6,0.200,0.081,0.000,3.035,0.245,0.079,0.079,2.956,37.610,8.295,-0.0063,0.081,0.000,8.384,3,4.28,4.28,17.50
4.30,2.794,0.241,-0.0143,3.6,0.220,0.086,0.000,2.792,0.241,0.079,0.079,2.713,34.366,8.872,-0.0053,0.086,0.000,8.244,3,4.30,4.30,17.50
4.32,2.510,0.227,-0.0292,3.7,0.240,0.091,0.000,2.506,0.227,0.079,0.079,2.427,30.599,9.351,-0.0120,0.090,0.000,7.686,3,4.32,4.32,17.50
4.34,2.258,0.214,-0.0430,3.7,0.260,0.095,0.000,2.252,0.214,0.080,0.080,2.172,27.268,9.876,-0.0198,0.095,0.000,7.193,3,4.34,4.34,17.50
4.36,2.281,0.206,-0.0342,3.7,0.260,0.090,0.000,2.276,0.206,0.080,0.080,2.196,27.448,9.363,-0.0156,0.090,0.000,6.856,3,4.36,4.36,17.50
4.38,2.816,0.185,-0.0068,3.7,0.240,0.066,0.000,2.814,0.185,0.080,0.080,2.734,34.027,6.759,-0.0025,0.066,0.000,6.144,3,4.38,4.38,17.50
4.40,3.344,0.173,0.0919,3.7,0.220,0.052,0.000,3.359,0.173,0.081,0.081,3.278,40.625,5.280,0.0280,0.052,0.000,5.727,3,4.40,4.40,17.50
4.42,3.642,0.169,0.1518,3.7,0.220,0.046,0.000,3.667,0.169,0.081,0.081,3.586,44.234,4.699,0.0423,0.046,0.000,5.537,3,4.42,4.42,18.00
4.44,3.628,0.164,0.0792,3.7,0.210,0.045,0.000,3.641,0.164,0.081,0.081,3.560,43.718,4.616,0.0222,0.045,0.000,5.370,3,4.44,4.44,18.00
4.46,3.473,0.178,0.0306,3.7,0.220,0.051,0.000,3.478,0.178,0.082,0.082,3.396,41.534,5.229,0.0090,0.051,0.000,5.771,3,4.46,4.46,17.50
4.48,3.300,0.205,-0.0051,3.7,0.220,0.062,0.000,3.299,0.205,0.082,0.082,3.217,39.179,6.384,-0.0016,0.062,0.000,6.642,3,4.48,4.48,17.50
4.50,3.202,0.226,-0.0146,3.8,0.230,0.071,0.000,3.199,0.226,0.082,0.082,3.117,37.793,7.251,-0.0047,0.071,0.000,7.399,3,4.50,4.50,17.50
4.52,3.018,0.247,-0.0227,3.8,0.240,0.082,0.000,3.015,0.247,0.083,0.083,2.932,35.400,8.428,-0.0077,0.082,0.000,8.260,3,4.52,4.52,17.50
4.54,2.692,0.258,-0.0346,3.8,0.250,0.096,0.000,2.687,0.258,0.083,0.083,2.603,31.302,9.902,-0.0133,0.096,0.000,8.877,3,4.54,4.54,17.50
4.56,2.456,0.259,-0.0408,3.9,0.260,0.106,0.000,2.449,0.259,0.084,0.084,2.366,28.327,10.969,-0.0172,0.106,0.000,9.221,3,4.56,4.56,17.50
4.58,2.444,0.249,-0.0469,3.9,0.260,0.102,0.000,2.436,0.249,0.084,0.084,2.352,28.045,10.595,-0.0199,0.102,0.000,9.100,3,4.58,4.58,17.50
4.60,2.398,0.223,-0.0327,3.9,0.280,0.093,0.000,2.392,0.223,0.084,0.084,2.308,27.407,9.648,-0.0142,0.093,0.000,8.345,3,4.60,4.60,17.50
4.62,2.652,0.223,-0.0327,4.0,0.280,0.084,0.000,2.646,0.223,0.085,0.085,2.562,30.292,8.693,-0.0128,0.084,0.000,8.672,3,4.62,4.62,17.50
4.64,2.683,0.195,-0.0211,4.0,0.280,0.073,0.000,2.680,0.195,0.085,0.085,2.595,30.558,7.530,-0.0081,0.073,0.000,7.881,3,4.64,4.64,17.50
4.66,2.639,0.172,0.0068,4.0,0.320,0.065,0.000,2.640,0.172,0.085,0.085,2.555,29.964,6.748,0.0027,0.065,0.000,7.146,3,4.66,4.66,17.50
4.68,2.639,0.147,0.0051,4.0,0.320,0.056,0.000,2.640,0.147,0.086,0.086,2.554,29.834,5.763,0.0020,0.056,0.000,6.329,3,4.68,4.68,17.50
4.70,2.532,0.135,-0.0290,4.0,0.310,0.053,0.000,2.527,0.135,0.086,0.086,2.441,28.395,5.522,-0.0119,0.053,0.000,6.023,3,4.70,4.70,17.50
4.72,2.097,0.125,-0.0326,4.1,0.140,0.060,0.000,2.092,0.125,0.086,0.086,2.006,23.234,6.253,-0.0163,0.060,0.000,5.848,3,4.72,4.72,17.50
4.74,2.042,0.148,-0.0429,4.1,0.190,0.073,0.000,2.035,0.148,0.087,0.087,1.948,22.477,7.587,-0.0220,0.072,0.000,7.313,3,4.74,4.74,17.50
4.76,1.959,0.179,-0.0475,4.2,0.230,0.092,0.000,1.951,0.179,0.087,0.087,1.864,21.421,9.603,-0.0255,0.091,0.000,9.455,3,4.76,4.76,17.50
4.78,1.499,0.173,-0.0406,4.2,0.050,0.116,0.000,1.493,0.173,0.087,0.087,1.406,16.087,12.294,-0.0289,0.115,0.000,9.805,3,4.78,4.78,17.50
4.80,1.479,0.147,-0.0458,4.2,0.170,0.100,0.000,1.472,0.147,0.088,0.088,1.384,15.779,10.599,-0.0331,0.099,0.000,9.030,3,4.80,4.79,17.50
4.82,1.365,0.147,-0.0495,4.2,0.220,0.108,0.000,1.357,0.147,0.088,0.088,1.269,14.414,11.580,-0.0390,0.108,0.000,8.463,3,4.82,4.81,17.50
4.84,1.296,0.138,-0.0552,4.2,0.230,0.107,0.000,1.287,0.138,0.088,0.088,1.199,13.555,11.506,-0.0461,0.106,0.000,5.427,3,4.84,4.83,17.50
4.86,1.277,0.130,-0.0555,4.2,0.260,0.102,0.000,1.268,0.130,0.089,0.089,1.180,13.289,11.012,-0.0470,0.102,0.000,3.655,3,4.86,4.85,17.50
4.88,1.200,0.106,-0.0548,4.1,0.190,0.089,0.000,1.191,0.106,0.089,0.089,1.102,12.363,9.602,-0.0497,0.088,0.000,2.833,3,4.88,4.87,17.50
4.90,1.124,0.096,-0.0544,4.2,0.180,0.086,0.000,1.115,0.096,0.089,0.089,1.026,11.464,9.349,-0.0530,0.085,0.000,2.424,3,4.90,4.89,17.50
4.92,3.769,0.093,-0.0551,4.4,0.180,0.025,0.000,3.760,0.093,0.090,0.090,3.671,40.862,2.545,-0.0150,0.025,0.000,2.235,7,4.92,4.91,18.00
4.94,10.943,0.041,-0.0135,6.1,0.090,0.004,0.000,10.941,0.041,0.090,0.090,10.851,120.269,0.373,-0.0012,0.004,0.000,0.918,7,4.94,4.93,19.50
4.96,13.182,0.057,0.0404,6.1,0.010,0.004,0.000,13.188,0.057,0.091,0.091,13.098,144.552,0.434,0.0031,0.004,0.000,1.067,7,4.96,4.95,19.50
4.98,3.939,0.062,0.0179,6.8,0.450,0.016,0.000,3.941,0.062,0.091,0.091,3.850,42.322,1.610,0.0046,0.016,0.000,0.000,7,4.98,4.97,18.50
5.00,3.939,0.051,0.0169,6.8,0.620,0.013,0.000,3.941,0.051,0.091,0.091,3.850,42.145,1.312,0.0044,0.013,0.000,0.000,7,5.00,4.99,18.50
5.02,3.939,0.051,0.0169,6.8,0.620,0.013,0.000,3.941,0.051,0.092,0.092,3.850,41.971,1.312,0.0044,0.013,0.000,0.000,7,5.02,5.01,18.50
5.04,3.939,0.051,0.0169,6.8,0.620,0.013,0.000,3.941,0.051,0.092,0.092,3.849,41.798,1.312,0.0044,0.013,0.000,0.000,7,5.04,5.03,18.50
5.06,11.387,0.154,0.0985,6.7,0.140,0.013,0.000,11.403,0.154,0.092,0.092,11.311,122.316,1.360,0.0087,0.014,0.000,0.000,7,5.06,5.05,19.00
5.08,37.571,0.171,0.0985,6.7,0.140,0.005,0.000,37.587,0.171,0.093,0.093,37.494,403.729,0.455,0.0026,0.005,0.000,0.000,7,5.08,5.07,20.00
